,moment,temperature_bearing_1,vibration_axial_bearing_1,vibration_horizontal_bearing_1,vibration_vertical_bearing_1,temperature_bearing_2,vibration_axial_bearing_2,vibration_horizontal_bearing_2,vibration_vertical_bearing_2,temperature_bearing_3,temperature_bearing_4,temperature_bearing_5,temperature_bearing_6,temperature_bearing_7,vibration_axial_bearing_7,vibration_horizontal_bearing_7,vibration_vertical_bearing_7,temperature_bearing_8,vibration_axial_bearing_8,vibration_horizontal_bearing_8,vibration_vertical_bearing_8,temperature_bearing_9,temperature_after_oil_0,temperature_before_oil_0,temperature_after_water_0,temperature_before_water_0,temperature_before_gas_collector_0,underpressure_before_gas_collector_0,gas_valve_closed_valve_0,gas_valve_open_valve_0,gas_valve_position_valve_0,rotor_current_rotor_0,rotor_voltage_rotor_0,stator_current_stator_0,stator_voltage_stator_0,oil_level_oil_system_0,oil_pressure_oil_system_0,work_is_working_0
0,0.0,62.80000305175781,0.3819444477558136,0.5902777910232544,0.28356480598449707,56.599998474121094,0.23148147761821747,0.7600734829902649,0.5844907760620117,48.29999542236328,51.19999694824219,41.399993896484375,41.5,38.0,2.2048611640930176,1.4004629850387573,2.110995054244995,42.5,2.34375,1.545138955116272,1.0069444179534912,42.900001525878906,33.400001525878906,30.400001525878906,26.0,25.000001907348633,109.74698638916016,770.3992919921875,0.0,1.0,-1.0,-1.0,-1.0,180.85093688964844,-1.0,83.54798889160156,2.156743049621582,1.0
1,60.0,62.80000305175781,0.38773149251937866,0.5844907760620117,0.28356480598449707,56.599998474121094,0.21412037312984467,0.7724161744117737,0.5844907760620117,48.19999694824219,51.19999694824219,41.399993896484375,41.5,38.0,2.2280092239379883,1.4178240299224854,2.1007566452026367,42.5,2.3958332538604736,1.5393518209457397,1.0243055820465088,42.900001525878906,33.400001525878906,30.29999542236328,26.0,25.000001907348633,109.74698638916016,771.1226196289062,0.0,1.0,-1.0,-1.0,-1.0,180.80223083496094,-1.0,83.65438842773438,2.148991346359253,1.0
2,120.0,62.80000305175781,0.38773149251937866,0.6076388955116272,0.27199074625968933,56.599998474121094,0.2256944477558136,0.7689629793167114,0.5844907760620117,48.19999694824219,51.19999694824219,41.399993896484375,41.5,38.0,2.256944417953491,1.4120370149612427,2.117100715637207,42.5,2.378472328186035,1.5393518209457397,1.047453761100769,42.900001525878906,33.400001525878906,30.400001525878906,26.0,25.000001907348633,109.74698638916016,774.7396240234375,0.0,1.0,-1.0,-1.0,-1.0,181.3135223388672,-1.0,83.63758087158203,2.146916151046753,1.0
3,180.0,62.80000305175781,0.3819444477558136,0.5902777910232544,0.28356480598449707,56.599998474121094,0.23148147761821747,0.7668423652648926,0.5787037014961243,48.19999694824219,51.19999694824219,41.399993896484375,41.5,38.0,2.21064829826355,1.4004629850387573,2.13167667388916,42.5,2.34375,1.533564805984497,1.0358796119689941,42.900001525878906,33.400001525878906,30.400001525878906,25.900001525878906,25.000001907348633,109.74698638916016,768.2291259765625,0.0,1.0,-1.0,-1.0,-1.0,184.62474060058594,-1.0,83.45279693603516,2.145085096359253,1.0
4,240.0,62.80000305175781,0.3819444477558136,0.6076388955116272,0.27199074625968933,56.599998474121094,0.2256944477558136,0.7799127697944641,0.5787037014961243,48.19999694824219,51.19999694824219,41.399993896484375,41.5,38.0,2.222222328186035,1.423611044883728,2.121591329574585,42.5,2.3553240299224854,1.5567129850387573,1.0358796119689941,42.79999542236328,33.30000305175781,30.29999542236328,25.900001525878906,25.000001907348633,109.14698791503906,763.8888549804688,0.0,1.0,-1.0,-1.0,-1.0,181.0213623046875,-1.0,83.53678894042969,2.149845838546753,1.0
5,300.0,62.80000305175781,0.3819444477558136,0.5902777910232544,0.28356480598449707,56.599998474121094,0.21412037312984467,0.7596842050552368,0.5787037014961243,48.19999694824219,51.19999694824219,41.399993896484375,41.5,38.0,2.1990740299224854,1.423611044883728,2.1063976287841797,42.5,2.378472328186035,1.5277777910232544,1.0243055820465088,42.79999542236328,33.30000305175781,30.29999542236328,25.900001525878906,25.000001907348633,109.14698791503906,764.6122436523438,0.0,1.0,-1.0,-1.0,-1.0,179.36575317382812,-1.0,83.51438903808594,2.152104139328003,1.0
6,360.0,62.80000305175781,0.38773149251937866,0.6076388955116272,0.28356480598449707,56.599998474121094,0.21412037312984467,0.7837324142456055,0.5902777910232544,48.19999694824219,51.19999694824219,41.399993896484375,41.5,38.0,2.2048611640930176,1.4178240299224854,2.0876026153564453,42.5,2.401620388031006,1.545138955116272,1.0243055820465088,42.79999542236328,33.30000305175781,30.29999542236328,25.900001525878906,24.899999618530273,109.14698791503906,763.8888549804688,0.0,1.0,-1.0,-1.0,-1.0,180.534423828125,-1.0,83.49758911132812,2.149540662765503,1.0
7,420.0,62.80000305175781,0.38773149251937866,0.6018518805503845,0.28356480598449707,56.599998474121094,0.2256944477558136,0.7717744708061218,0.5902777910232544,48.19999694824219,51.19999694824219,41.399993896484375,41.5,38.0,2.1701388359069824,1.4178240299224854,2.090542793273926,42.5,2.372685194015503,1.516203761100769,1.0358796119689941,42.79999542236328,33.30000305175781,30.29999542236328,25.800003051757812,24.899999618530273,109.14698791503906,760.27197265625,0.0,1.0,-1.0,-1.0,-1.0,181.60569763183594,-1.0,83.4303970336914,2.150028944015503,1.0
8,480.0,62.80000305175781,0.38773149251937866,0.5844907760620117,0.26620370149612427,56.599998474121094,0.23148147761821747,0.7696788311004639,0.5787037014961243,48.19999694824219,51.19999694824219,41.399993896484375,41.5,38.0,2.1990740299224854,1.388888955116272,2.0866286754608154,42.5,2.3842592239379883,1.5393518209457397,1.0416666269302368,42.79999542236328,33.30000305175781,30.29999542236328,25.800003051757812,24.899999618530273,109.74698638916016,760.27197265625,0.0,1.0,-1.0,-1.0,-1.0,179.87704467773438,-1.0,83.63198852539062,2.151310682296753,1.0
9,540.0,62.80000305175781,0.3819444477558136,0.6076388955116272,0.28935185074806213,56.50000762939453,0.23148147761821747,0.7631143927574158,0.5844907760620117,48.19999694824219,51.19999694824219,41.399993896484375,41.5,38.0,2.1064815521240234,1.388888955116272,2.080897331237793,42.5,2.430555582046509,1.5046297311782837,1.0243055820465088,42.79999542236328,33.30000305175781,30.29999542236328,25.800003051757812,24.899999618530273,109.74698638916016,756.6550903320312,0.0,1.0,-1.0,-1.0,-1.0,182.16567993164062,-1.0,83.54238891601562,2.156498908996582,1.0
10,600.0,62.80000305175781,0.3819444477558136,0.5729166865348816,0.27199074625968933,56.50000762939453,0.2256944477558136,0.7814379334449768,0.5787037014961243,48.19999694824219,51.19999694824219,41.399993896484375,41.5,38.0,2.1412036418914795,1.4178240299224854,2.091796636581421,42.5,2.471064805984497,1.5277777910232544,1.0358796119689941,42.69999694824219,33.20000457763672,30.29999542236328,25.800003051757812,24.899999618530273,110.24698638916016,753.7615966796875,0.0,1.0,-1.0,-1.0,-1.0,180.82659912109375,-1.0,83.54238891601562,2.158696174621582,1.0
11,660.0,62.80000305175781,0.38773149251937866,0.6018518805503845,0.28356480598449707,56.50000762939453,0.2256944477558136,0.7674746513366699,0.5844907760620117,48.19999694824219,51.19999694824219,41.399993896484375,41.5,38.0,2.089120388031006,1.4004629850387573,2.0580320358276367,42.400001525878906,2.5,1.533564805984497,1.0243055820465088,42.69999694824219,33.30000305175781,30.29999542236328,25.900001525878906,25.000001907348633,110.24698638916016,753.7615966796875,0.0,1.0,-1.0,-1.0,-1.0,181.2891845703125,-1.0,83.54798889160156,2.156987190246582,1.0
12,720.0,62.80000305175781,0.3819444477558136,0.5902777910232544,0.27199074625968933,56.50000762939453,0.23148147761821747,0.7645214200019836,0.5787037014961243,48.19999694824219,51.19999694824219,41.399993896484375,41.5,38.0,2.1412036418914795,1.4293981790542603,2.0843217372894287,42.400001525878906,2.372685194015503,1.516203761100769,1.0127315521240234,42.69999694824219,33.30000305175781,30.29999542236328,25.900001525878906,25.000001907348633,110.84699249267578,751.5913696289062,0.0,1.0,-1.0,-1.0,-1.0,180.31529235839844,-1.0,83.5535888671875,2.156498908996582,1.0
13,780.0,62.80000305175781,0.3819444477558136,0.6134259104728699,0.28935185074806213,56.50000762939453,0.23148147761821747,0.7698281407356262,0.5844907760620117,48.19999694824219,51.19999694824219,41.399993896484375,41.5,38.0,2.152777671813965,1.4120370149612427,2.0768017768859863,42.400001525878906,2.4247684478759766,1.5567129850387573,1.0358796119689941,42.69999694824219,33.30000305175781,30.29999542236328,25.900001525878906,25.000001907348633,110.84699249267578,760.27197265625,0.0,1.0,-1.0,-1.0,-1.0,182.8717498779297,-1.0,83.52558898925781,2.159489631652832,1.0
14,840.0,62.80000305175781,0.3819444477558136,0.5902777910232544,0.28356480598449707,56.400001525878906,0.2256944477558136,0.7758151292800903,0.5844907760620117,48.19999694824219,51.19999694824219,41.399993896484375,41.5,37.900001525878906,2.152777671813965,1.3946759700775146,2.084061861038208,42.400001525878906,2.4247684478759766,1.516203761100769,1.0358796119689941,42.69999694824219,33.30000305175781,30.29999542236328,25.900001525878906,25.000001907348633,111.44698333740234,757.3784790039062,0.0,1.0,-1.0,-1.0,-1.0,181.4352569580078,-1.0,83.598388671875,2.143375873565674,1.0
15,900.0,62.80000305175781,0.38773149251937866,0.6018518805503845,0.27199074625968933,56.400001525878906,0.2256944477558136,0.7749326229095459,0.5844907760620117,48.19999694824219,51.19999694824219,41.399993896484375,41.5,37.900001525878906,2.1759259700775146,1.4120370149612427,2.0807876586914062,42.400001525878906,2.401620388031006,1.5277777910232544,1.0243055820465088,42.599998474121094,33.30000305175781,30.29999542236328,25.900001525878906,25.000001907348633,111.44698333740234,756.6550903320312,0.0,1.0,-1.0,-1.0,-1.0,182.6526336669922,-1.0,83.5535888671875,2.149601697921753,1.0
16,960.0,62.80000305175781,0.3819444477558136,0.5787037014961243,0.27199074625968933,56.400001525878906,0.23148147761821747,0.7645953297615051,0.5613425970077515,48.19999694824219,51.19999694824219,41.399993896484375,41.5,37.900001525878906,2.1469907760620117,1.4120370149612427,2.0761563777923584,42.400001525878906,2.4537036418914795,1.516203761100769,1.0127315521240234,42.599998474121094,33.30000305175781,30.29999542236328,25.900001525878906,25.000001907348633,111.44698333740234,756.6550903320312,0.0,1.0,-1.0,-1.0,-1.0,181.87350463867188,-1.0,83.68798828125,2.155461311340332,1.0
17,1020.0,62.80000305175781,0.3819444477558136,0.5787037014961243,0.28356480598449707,56.50000762939453,0.2256944477558136,0.7583099007606506,0.5729166865348816,48.19999694824219,51.19999694824219,41.399993896484375,41.5,37.900001525878906,2.222222328186035,1.4004629850387573,2.0958218574523926,42.400001525878906,2.372685194015503,1.533564805984497,1.0127315521240234,42.599998474121094,33.30000305175781,30.29999542236328,25.900001525878906,25.000001907348633,111.44698333740234,753.7615966796875,0.0,1.0,-1.0,-1.0,-1.0,178.70838928222656,-1.0,83.57598876953125,2.151615858078003,1.0
18,1080.0,62.80000305175781,0.3819444477558136,0.6018518805503845,0.28356480598449707,56.50000762939453,0.21412037312984467,0.7749341130256653,0.5787037014961243,48.19999694824219,51.19999694824219,41.399993896484375,41.5,37.900001525878906,2.05439829826355,1.388888955116272,2.0718863010406494,42.400001525878906,2.557870388031006,1.4872684478759766,1.0185184478759766,42.599998474121094,33.30000305175781,30.29999542236328,25.900001525878906,24.899999618530273,111.94699096679688,757.3784790039062,0.0,1.0,-1.0,-1.0,-1.0,180.80223083496094,-1.0,83.47518920898438,2.153874397277832,1.0
19,1140.0,62.80000305175781,0.38773149251937866,0.6018518805503845,0.28356480598449707,56.50000762939453,0.23148147761821747,0.7767021656036377,0.5844907760620117,48.19999694824219,51.19999694824219,41.29999542236328,41.5,37.900001525878906,2.181713104248047,1.4178240299224854,2.089977264404297,42.400001525878906,2.4594907760620117,1.5567129850387573,0.9953703880310059,42.599998474121094,33.30000305175781,30.29999542236328,25.800003051757812,24.899999618530273,111.94699096679688,760.27197265625,0.0,1.0,-1.0,-1.0,-1.0,184.50302124023438,-1.0,83.56478881835938,2.151554822921753,1.0
20,1200.0,62.80000305175781,0.3819444477558136,0.5902777910232544,0.28935185074806213,56.50000762939453,0.23148147761821747,0.7788810133934021,0.5844907760620117,48.19999694824219,51.19999694824219,41.29999542236328,41.5,37.900001525878906,2.21064829826355,1.4004629850387573,2.1101088523864746,42.400001525878906,2.436342477798462,1.5104167461395264,0.9953703880310059,42.599998474121094,33.30000305175781,30.29999542236328,25.900001525878906,24.899999618530273,111.44698333740234,757.3784790039062,0.0,1.0,-1.0,-1.0,-1.0,180.04747009277344,-1.0,83.63198852539062,2.149052381515503,1.0
21,1260.0,62.80000305175781,0.3761574327945709,0.6018518805503845,0.28356480598449707,56.50000762939453,0.23148147761821747,0.7712345123291016,0.5844907760620117,48.19999694824219,51.19999694824219,41.29999542236328,41.5,37.900001525878906,2.193286895751953,1.4120370149612427,2.110921621322632,42.400001525878906,2.471064805984497,1.5277777910232544,1.0185184478759766,42.599998474121094,33.400001525878906,30.400001525878906,25.900001525878906,24.899999618530273,111.44698333740234,760.27197265625,0.0,1.0,-1.0,-1.0,-1.0,181.80047607421875,-1.0,83.54798889160156,2.146672010421753,1.0
22,1320.0,62.80000305175781,0.3819444477558136,0.5902777910232544,0.28356480598449707,56.50000762939453,0.2256944477558136,0.7567563056945801,0.5844907760620117,48.19999694824219,51.19999694824219,41.29999542236328,41.5,37.900001525878906,2.1759259700775146,1.4120370149612427,2.0933616161346436,42.400001525878906,2.413194417953491,1.5104167461395264,1.0127315521240234,42.599998474121094,33.400001525878906,30.400001525878906,25.900001525878906,24.899999618530273,111.44698333740234,757.3784790039062,0.0,1.0,-1.0,-1.0,-1.0,180.92398071289062,-1.0,83.53678894042969,2.154728889465332,1.0
23,1380.0,62.80000305175781,0.3819444477558136,0.6018518805503845,0.26620370149612427,56.400001525878906,0.23148147761821747,0.778283953666687,0.5613425970077515,48.19999694824219,51.19999694824219,41.399993896484375,41.5,37.900001525878906,2.1469907760620117,1.4004629850387573,2.0905325412750244,42.400001525878906,2.4247684478759766,1.5046297311782837,1.0069444179534912,42.599998474121094,33.400001525878906,30.400001525878906,25.900001525878906,24.899999618530273,111.44698333740234,757.3784790039062,0.0,1.0,-1.0,-1.0,-1.0,182.28741455078125,-1.0,83.42479705810547,2.147648572921753,1.0
24,1440.0,62.80000305175781,0.3819444477558136,0.5844907760620117,0.27199074625968933,56.400001525878906,0.2256944477558136,0.780359148979187,0.5844907760620117,48.19999694824219,51.19999694824219,41.29999542236328,41.399993896484375,37.900001525878906,2.256944417953491,1.423611044883728,2.0821611881256104,42.400001525878906,2.436342477798462,1.5277777910232544,1.0127315521240234,42.599998474121094,33.400001525878906,30.400001525878906,25.900001525878906,24.899999618530273,111.44698333740234,755.2083740234375,0.0,1.0,-1.0,-1.0,-1.0,180.38833618164062,-1.0,83.61518096923828,2.148747205734253,1.0
25,1500.0,62.80000305175781,0.38773149251937866,0.5902777910232544,0.27199074625968933,56.400001525878906,0.21412037312984467,0.7756245136260986,0.5787037014961243,48.19999694824219,51.19999694824219,41.29999542236328,41.399993896484375,37.900001525878906,2.181713104248047,1.4178240299224854,2.118774890899658,42.400001525878906,2.4594907760620117,1.516203761100769,1.0185184478759766,42.599998474121094,33.400001525878906,30.400001525878906,25.900001525878906,25.000001907348633,111.44698333740234,755.9317626953125,0.0,1.0,-1.0,-1.0,-1.0,182.0682830810547,-1.0,83.56478881835938,2.150639295578003,1.0
26,1560.0,62.80000305175781,0.3819444477558136,0.5902777910232544,0.28356480598449707,56.29999542236328,0.21412037312984467,0.7757303714752197,0.5787037014961243,48.19999694824219,51.19999694824219,41.29999542236328,41.5,37.900001525878906,2.1990740299224854,1.423611044883728,2.125983953475952,42.400001525878906,2.4537036418914795,1.5277777910232544,1.0127315521240234,42.5,33.400001525878906,30.400001525878906,25.900001525878906,24.899999618530273,111.44698333740234,756.6550903320312,0.0,1.0,-1.0,-1.0,-1.0,179.5848846435547,-1.0,83.54798889160156,2.155156135559082,1.0
27,1620.0,62.80000305175781,0.3819444477558136,0.6134259104728699,0.27199074625968933,56.29999542236328,0.2256944477558136,0.7736999988555908,0.5787037014961243,48.19999694824219,51.19999694824219,41.29999542236328,41.5,37.900001525878906,2.222222328186035,1.4178240299224854,2.1167564392089844,42.400001525878906,2.3842592239379883,1.5277777910232544,0.9953703880310059,42.5,33.400001525878906,30.400001525878906,25.900001525878906,24.899999618530273,111.44698333740234,755.2083740234375,0.0,1.0,-1.0,-1.0,-1.0,181.11874389648438,-1.0,83.57598876953125,2.157231330871582,1.0
28,1680.0,62.80000305175781,0.3819444477558136,0.5844907760620117,0.28356480598449707,56.29999542236328,0.23726852238178253,0.7696964740753174,0.5787037014961243,48.19999694824219,51.19999694824219,41.29999542236328,41.5,37.900001525878906,2.1469907760620117,1.4178240299224854,2.087465524673462,42.400001525878906,2.471064805984497,1.5104167461395264,1.0185184478759766,42.5,33.30000305175781,30.400001525878906,25.900001525878906,24.899999618530273,111.44698333740234,759.5486450195312,0.0,1.0,-1.0,-1.0,-1.0,181.11874389648438,-1.0,83.51438903808594,2.154728889465332,1.0
29,1740.0,62.80000305175781,0.38773149251937866,0.5902777910232544,0.28356480598449707,56.29999542236328,0.23148147761821747,0.7764251232147217,0.5787037014961243,48.19999694824219,51.19999694824219,41.29999542236328,41.399993896484375,37.900001525878906,2.181713104248047,1.388888955116272,2.1070961952209473,42.400001525878906,2.471064805984497,1.4756944179534912,0.9953703880310059,42.5,33.30000305175781,30.400001525878906,25.900001525878906,24.899999618530273,110.84699249267578,756.6550903320312,0.0,1.0,-1.0,-1.0,-1.0,182.2387237548828,-1.0,83.57038879394531,2.155400276184082,1.0
30,1800.0,62.80000305175781,0.3819444477558136,0.5844907760620117,0.28356480598449707,56.29999542236328,0.21412037312984467,0.760467529296875,0.5787037014961243,48.19999694824219,51.19999694824219,41.29999542236328,41.5,37.900001525878906,2.251157522201538,1.4178240299224854,2.1164944171905518,42.400001525878906,2.3958332538604736,1.5393518209457397,1.0243055820465088,42.5,33.30000305175781,30.400001525878906,25.900001525878906,24.899999618530273,110.84699249267578,753.0382080078125,0.0,1.0,-1.0,-1.0,-1.0,181.3622283935547,-1.0,83.4583969116211,2.155095100402832,1.0
31,1860.0,62.80000305175781,0.38773149251937866,0.6018518805503845,0.27199074625968933,56.29999542236328,0.2256944477558136,0.758165180683136,0.5787037014961243,48.19999694824219,51.19999694824219,41.29999542236328,41.5,37.900001525878906,2.285879611968994,1.4178240299224854,2.1331751346588135,42.29999542236328,2.413194417953491,1.533564805984497,1.0243055820465088,42.5,33.30000305175781,30.400001525878906,25.900001525878906,24.899999618530273,110.84699249267578,755.2083740234375,0.0,1.0,-1.0,-1.0,-1.0,180.38833618164062,-1.0,83.66558837890625,2.154362678527832,1.0
32,1920.0,62.80000305175781,0.3819444477558136,0.6192129254341125,0.28935185074806213,56.400001525878906,0.23148147761821747,0.7640275359153748,0.5787037014961243,48.19999694824219,51.19999694824219,41.399993896484375,41.399993896484375,37.900001525878906,2.1412036418914795,1.4120370149612427,2.117490291595459,42.29999542236328,2.436342477798462,1.5277777910232544,1.0069444179534912,42.5,33.30000305175781,30.29999542236328,25.800003051757812,24.899999618530273,110.84699249267578,755.9317626953125,0.0,1.0,-1.0,-1.0,-1.0,180.70484924316406,-1.0,83.49758911132812,2.149540662765503,1.0
33,1980.0,62.69999694824219,0.3819444477558136,0.6018518805503845,0.28356480598449707,56.400001525878906,0.23148147761821747,0.763839066028595,0.5729166865348816,48.19999694824219,51.19999694824219,41.29999542236328,41.399993896484375,37.900001525878906,2.2048611640930176,1.4004629850387573,2.108802318572998,42.29999542236328,2.4537036418914795,1.533564805984497,1.0069444179534912,42.5,33.30000305175781,30.29999542236328,25.900001525878906,24.899999618530273,110.84699249267578,752.3148803710938,0.0,1.0,-1.0,-1.0,-1.0,180.89962768554688,-1.0,83.5535888671875,2.145329236984253,1.0
34,2040.0,62.69999694824219,0.3819444477558136,0.6192129254341125,0.28356480598449707,56.400001525878906,0.2256944477558136,0.7802976369857788,0.5787037014961243,48.19999694824219,51.19999694824219,41.29999542236328,41.399993896484375,37.900001525878906,2.251157522201538,1.423611044883728,2.1278557777404785,42.29999542236328,2.413194417953491,1.516203761100769,0.9895833730697632,42.5,33.30000305175781,30.400001525878906,25.900001525878906,24.899999618530273,110.24698638916016,746.5277709960938,0.0,1.0,-1.0,-1.0,-1.0,182.1169891357422,-1.0,83.51998901367188,2.155461311340332,1.0
35,2100.0,62.69999694824219,0.3761574327945709,0.5729166865348816,0.28356480598449707,56.400001525878906,0.21412037312984467,0.7630324959754944,0.5787037014961243,48.19999694824219,51.19999694824219,41.29999542236328,41.5,37.900001525878906,2.181713104248047,1.4178240299224854,2.1126294136047363,42.29999542236328,2.4826388359069824,1.5104167461395264,1.0127315521240234,42.5,33.30000305175781,30.29999542236328,25.800003051757812,24.899999618530273,110.24698638916016,741.464111328125,0.0,1.0,-1.0,-1.0,-1.0,183.3586883544922,-1.0,83.51438903808594,2.149479627609253,1.0
36,2160.0,62.600006103515625,0.3761574327945709,0.6018518805503845,0.28935185074806213,56.400001525878906,0.2256944477558136,0.7571913003921509,0.5844907760620117,48.19999694824219,51.19999694824219,41.29999542236328,41.399993896484375,37.900001525878906,2.1469907760620117,1.4004629850387573,2.1117589473724365,42.29999542236328,2.5,1.5046297311782837,1.0185184478759766,42.5,33.30000305175781,30.400001525878906,25.800003051757812,24.899999618530273,110.24698638916016,742.1875,0.0,1.0,-1.0,-1.0,-1.0,180.29095458984375,-1.0,83.56478881835938,2.156254768371582,1.0
37,2220.0,62.600006103515625,0.3819444477558136,0.6018518805503845,0.28935185074806213,56.400001525878906,0.23148147761821747,0.7808679938316345,0.5787037014961243,48.19999694824219,51.19999694824219,41.29999542236328,41.5,37.900001525878906,2.2048611640930176,1.4293981790542603,2.1325488090515137,42.29999542236328,2.413194417953491,1.533564805984497,1.0127315521240234,42.5,33.30000305175781,30.400001525878906,25.800003051757812,24.899999618530273,110.30485534667969,742.1875,0.0,1.0,-1.0,-1.0,-1.0,180.70484924316406,-1.0,83.50318908691406,2.160527467727661,1.0
38,2280.0,62.600006103515625,0.3819444477558136,0.6018518805503845,0.26620370149612427,56.400001525878906,0.2256944477558136,0.7785104513168335,0.5613425970077515,48.19999694824219,51.100006103515625,41.29999542236328,41.399993896484375,37.900001525878906,2.222222328186035,1.4178240299224854,2.104851722717285,42.29999542236328,2.436342477798462,1.533564805984497,1.0069444179534912,42.5,33.30000305175781,30.400001525878906,25.800003051757812,24.899999618530273,110.24698638916016,741.464111328125,0.0,1.0,-1.0,-1.0,-1.0,182.09263610839844,-1.0,83.54238891601562,2.149235486984253,1.0
39,2340.0,62.69999694824219,0.3819444477558136,0.6018518805503845,0.27199074625968933,56.400001525878906,0.23148147761821747,0.7775673866271973,0.5787037014961243,48.19999694824219,51.100006103515625,41.29999542236328,41.5,37.900001525878906,2.123842477798462,1.388888955116272,2.0980489253997803,42.29999542236328,2.5115740299224854,1.516203761100769,1.0127315521240234,42.5,33.30000305175781,30.400001525878906,25.800003051757812,24.899999618530273,110.90486145019531,739.2940063476562,0.0,1.0,-1.0,-1.0,-1.0,183.4804229736328,-1.0,83.53678894042969,2.153386116027832,1.0
40,2400.0,62.69999694824219,0.3761574327945709,0.6018518805503845,0.28356480598449707,56.400001525878906,0.2256944477558136,0.7697051763534546,0.5729166865348816,48.19999694824219,51.100006103515625,41.29999542236328,41.399993896484375,37.900001525878906,2.256944417953491,1.4178240299224854,2.118760347366333,42.29999542236328,2.407407522201538,1.5277777910232544,0.9953703880310059,42.400001525878906,33.30000305175781,30.400001525878906,25.800003051757812,24.799999237060547,110.90486145019531,742.910888671875,0.0,1.0,-1.0,-1.0,-1.0,178.12405395507812,-1.0,83.61518096923828,2.156987190246582,1.0
41,2460.0,62.69999694824219,0.3819444477558136,0.6134259104728699,0.27199074625968933,56.400001525878906,0.23148147761821747,0.772373616695404,0.5844907760620117,48.19999694824219,51.100006103515625,41.29999542236328,41.399993896484375,37.900001525878906,2.1122684478759766,1.423611044883728,2.086153268814087,42.29999542236328,2.494213104248047,1.533564805984497,0.9895833730697632,42.400001525878906,33.30000305175781,30.400001525878906,25.800003051757812,24.799999237060547,110.90486145019531,745.0809936523438,0.0,1.0,-1.0,-1.0,-1.0,182.1900177001953,-1.0,83.57038879394531,2.160283327102661,1.0
42,2520.0,62.69999694824219,0.3761574327945709,0.6076388955116272,0.28356480598449707,56.400001525878906,0.23148147761821747,0.7576151490211487,0.5787037014961243,48.099998474121094,51.100006103515625,41.29999542236328,41.399993896484375,37.900001525878906,2.1412036418914795,1.3946759700775146,2.099339485168457,42.29999542236328,2.436342477798462,1.516203761100769,1.0127315521240234,42.400001525878906,33.30000305175781,30.29999542236328,25.800003051757812,24.799999237060547,110.90486145019531,745.0809936523438,0.0,1.0,-1.0,-1.0,-1.0,181.67874145507812,-1.0,83.35199737548828,2.156620979309082,1.0
43,2580.0,62.69999694824219,0.38773149251937866,0.6076388955116272,0.28356480598449707,56.400001525878906,0.2256944477558136,0.7756294012069702,0.5844907760620117,48.099998474121094,51.100006103515625,41.29999542236328,41.5,37.80000305175781,2.152777671813965,1.4178240299224854,2.095202922821045,42.29999542236328,2.4826388359069824,1.5277777910232544,0.9953703880310059,42.400001525878906,33.30000305175781,30.29999542236328,25.800003051757812,24.799999237060547,110.90486145019531,749.4212646484375,0.0,1.0,-1.0,-1.0,-1.0,180.77789306640625,-1.0,83.54798889160156,2.148503065109253,1.0
44,2640.0,62.69999694824219,0.3819444477558136,0.5902777910232544,0.28935185074806213,56.400001525878906,0.23726852238178253,0.7761121392250061,0.5787037014961243,48.099998474121094,51.100006103515625,41.29999542236328,41.399993896484375,37.80000305175781,2.1064815521240234,1.4120370149612427,2.0984857082366943,42.29999542236328,2.557870388031006,1.5046297311782837,0.9953703880310059,42.400001525878906,33.30000305175781,30.29999542236328,25.800003051757812,24.799999237060547,111.50485229492188,749.4212646484375,0.0,1.0,-1.0,-1.0,-1.0,180.65615844726562,-1.0,83.44719696044922,2.156376838684082,1.0
45,2700.0,62.69999694824219,0.3819444477558136,0.5902777910232544,0.28356480598449707,56.400001525878906,0.23148147761821747,0.7707563638687134,0.5844907760620117,48.099998474121094,51.100006103515625,41.29999542236328,41.399993896484375,37.80000305175781,2.152777671813965,1.3946759700775146,2.087822437286377,42.29999542236328,2.5115740299224854,1.5046297311782837,1.0069444179534912,42.400001525878906,33.30000305175781,30.29999542236328,25.800003051757812,24.899999618530273,111.50485229492188,748.6978759765625,0.0,1.0,-1.0,-1.0,-1.0,182.0196075439453,-1.0,83.4583969116211,2.159306526184082,1.0
46,2760.0,62.69999694824219,0.3819444477558136,0.6018518805503845,0.27199074625968933,56.400001525878906,0.2256944477558136,0.7764078974723816,0.5844907760620117,48.099998474121094,51.100006103515625,41.29999542236328,41.399993896484375,37.80000305175781,2.1469907760620117,1.4178240299224854,2.098479986190796,42.29999542236328,2.471064805984497,1.5277777910232544,0.9953703880310059,42.400001525878906,33.20000457763672,30.29999542236328,25.800003051757812,24.799999237060547,111.50485229492188,748.6978759765625,0.0,1.0,-1.0,-1.0,-1.0,180.97267150878906,-1.0,83.54238891601562,2.157658576965332,1.0
47,2820.0,62.69999694824219,0.3819444477558136,0.6018518805503845,0.28356480598449707,56.400001525878906,0.2256944477558136,0.7749396562576294,0.5787037014961243,48.099998474121094,51.100006103515625,41.29999542236328,41.399993896484375,37.80000305175781,2.16435170173645,1.4120370149612427,2.0970675945281982,42.29999542236328,2.465277671813965,1.4872684478759766,0.9895833730697632,42.400001525878906,33.20000457763672,30.29999542236328,25.800003051757812,24.799999237060547,112.0048599243164,745.8043823242188,0.0,1.0,-1.0,-1.0,-1.0,181.70309448242188,-1.0,83.48079681396484,2.153203010559082,1.0
48,2880.0,62.69999694824219,0.3819444477558136,0.5902777910232544,0.28356480598449707,56.400001525878906,0.23148147761821747,0.7600422501564026,0.5787037014961243,48.099998474121094,51.100006103515625,41.29999542236328,41.399993896484375,37.80000305175781,2.181713104248047,1.4120370149612427,2.0871005058288574,42.29999542236328,2.465277671813965,1.5104167461395264,0.9953703880310059,42.400001525878906,33.20000457763672,30.29999542236328,25.800003051757812,24.799999237060547,112.0048599243164,744.3576049804688,0.0,1.0,-1.0,-1.0,-1.0,179.87704467773438,-1.0,83.5535888671875,2.154118537902832,1.0
49,2940.0,62.69999694824219,0.3819444477558136,0.5729166865348816,0.28356480598449707,56.400001525878906,0.23148147761821747,0.7634491324424744,0.5729166865348816,48.099998474121094,51.100006103515625,41.29999542236328,41.399993896484375,37.80000305175781,2.123842477798462,1.4120370149612427,2.0875589847564697,42.29999542236328,2.4884259700775146,1.5046297311782837,0.9895833730697632,42.400001525878906,33.20000457763672,30.29999542236328,25.800003051757812,24.799999237060547,112.0048599243164,745.0809936523438,0.0,1.0,-1.0,-1.0,-1.0,180.41268920898438,-1.0,83.42479705810547,2.153569221496582,1.0
50,3000.0,62.69999694824219,0.3761574327945709,0.6076388955116272,0.27199074625968933,56.400001525878906,0.21412037312984467,0.7755573987960815,0.5787037014961243,48.099998474121094,51.100006103515625,41.29999542236328,41.399993896484375,37.80000305175781,2.2048611640930176,1.423611044883728,2.091092586517334,42.29999542236328,2.494213104248047,1.5104167461395264,1.0069444179534912,42.400001525878906,33.20000457763672,30.29999542236328,25.800003051757812,24.799999237060547,112.6048583984375,744.3576049804688,0.0,1.0,-1.0,-1.0,-1.0,182.14134216308594,-1.0,83.52558898925781,2.162602663040161,1.0
51,3060.0,62.69999694824219,0.37037038803100586,0.5844907760620117,0.28356480598449707,56.29999542236328,0.2256944477558136,0.7604568004608154,0.5787037014961243,48.099998474121094,51.100006103515625,41.29999542236328,41.399993896484375,37.80000305175781,2.2337963581085205,1.4004629850387573,2.1043901443481445,42.29999542236328,2.401620388031006,1.5046297311782837,0.9953703880310059,42.29999542236328,33.20000457763672,30.29999542236328,25.800003051757812,24.799999237060547,112.6048583984375,738.5706176757812,0.0,1.0,-1.0,-1.0,-1.0,181.04571533203125,-1.0,83.47518920898438,2.158207893371582,1.0
52,3120.0,62.69999694824219,0.3819444477558136,0.6076388955116272,0.27199074625968933,56.29999542236328,0.2256944477558136,0.7817252278327942,0.5729166865348816,48.099998474121094,51.100006103515625,41.19999694824219,41.399993896484375,37.80000305175781,2.2048611640930176,1.4178240299224854,2.0957345962524414,42.29999542236328,2.465277671813965,1.5046297311782837,0.9953703880310059,42.29999542236328,33.20000457763672,30.29999542236328,25.800003051757812,24.799999237060547,113.2048568725586,738.5706176757812,0.0,1.0,-1.0,-1.0,-1.0,179.8527069091797,-1.0,83.31280517578125,2.151066541671753,1.0
53,3180.0,62.69999694824219,0.3761574327945709,0.5844907760620117,0.27199074625968933,56.400001525878906,0.2256944477558136,0.7749156951904297,0.5729166865348816,48.099998474121094,51.100006103515625,41.29999542236328,41.399993896484375,37.80000305175781,2.181713104248047,1.4004629850387573,2.1153979301452637,42.29999542236328,2.5,1.5277777910232544,0.9780092239379883,42.29999542236328,33.20000457763672,30.29999542236328,25.800003051757812,24.799999237060547,113.7048568725586,735.6771240234375,0.0,1.0,-1.0,-1.0,-1.0,178.12405395507812,-1.0,83.41919708251953,2.156498908996582,1.0
54,3240.0,62.69999694824219,0.3819444477558136,0.5902777910232544,0.28356480598449707,56.400001525878906,0.23148147761821747,0.7637230753898621,0.5787037014961243,48.099998474121094,51.100006103515625,41.29999542236328,41.399993896484375,37.80000305175781,2.1759259700775146,1.4178240299224854,2.0814414024353027,42.29999542236328,2.528934955596924,1.5104167461395264,0.9780092239379883,42.29999542236328,33.20000457763672,30.29999542236328,25.800003051757812,24.799999237060547,113.7048568725586,737.1238403320312,0.0,1.0,-1.0,-1.0,-1.0,178.2701416015625,-1.0,83.4303970336914,2.152592658996582,1.0
55,3300.0,62.69999694824219,0.3761574327945709,0.5729166865348816,0.28356480598449707,56.29999542236328,0.2256944477558136,0.7567786574363708,0.5787037014961243,48.099998474121094,51.100006103515625,41.29999542236328,41.399993896484375,37.80000305175781,2.1354167461395264,1.3946759700775146,2.096000909805298,42.29999542236328,2.4884259700775146,1.4756944179534912,0.9606481194496155,42.29999542236328,33.20000457763672,30.29999542236328,25.800003051757812,24.799999237060547,114.30486297607422,737.1238403320312,0.0,1.0,-1.0,-1.0,-1.0,179.8040008544922,-1.0,83.60958862304688,2.158329963684082,1.0
56,3360.0,62.69999694824219,0.3761574327945709,0.6018518805503845,0.28356480598449707,56.29999542236328,0.21412037312984467,0.7606059908866882,0.5787037014961243,48.099998474121094,51.100006103515625,41.19999694824219,41.399993896484375,37.80000305175781,2.16435170173645,1.3946759700775146,2.0864908695220947,42.19999694824219,2.5231480598449707,1.4756944179534912,0.9375,42.29999542236328,33.20000457763672,30.29999542236328,25.800003051757812,24.799999237060547,114.80486297607422,737.8472290039062,0.0,1.0,-1.0,-1.0,-1.0,178.07534790039062,-1.0,83.51438903808594,2.163396120071411,1.0
57,3420.0,62.69999694824219,0.3761574327945709,0.6018518805503845,0.28356480598449707,56.29999542236328,0.23148147761821747,0.7626817226409912,0.5787037014961243,48.099998474121094,51.0,41.29999542236328,41.399993896484375,37.80000305175781,2.123842477798462,1.4120370149612427,2.0936830043792725,42.19999694824219,2.6157405376434326,1.4814815521240234,0.9664351344108582,42.29999542236328,33.20000457763672,30.29999542236328,25.800003051757812,24.799999237060547,115.40485382080078,735.6771240234375,0.0,1.0,-1.0,-1.0,-1.0,176.7119140625,-1.0,83.53678894042969,2.160466432571411,1.0
58,3480.0,62.80000305175781,0.3819444477558136,0.5844907760620117,0.28935185074806213,56.29999542236328,0.2430555522441864,0.7633370161056519,0.5787037014961243,48.099998474121094,51.0,41.19999694824219,41.399993896484375,37.80000305175781,2.1759259700775146,1.4178240299224854,2.1054720878601074,42.19999694824219,2.569444417953491,1.4756944179534912,0.9780092239379883,42.29999542236328,33.20000457763672,30.29999542236328,25.800003051757812,24.799999237060547,116.0048599243164,734.9537353515625,0.0,1.0,-1.0,-1.0,-1.0,177.9292755126953,-1.0,83.49758911132812,2.159062385559082,1.0
59,3540.0,62.80000305175781,0.3761574327945709,0.5729166865348816,0.26620370149612427,56.29999542236328,0.2256944477558136,0.7587070465087891,0.5787037014961243,48.099998474121094,51.0,41.19999694824219,41.399993896484375,37.80000305175781,2.1469907760620117,1.4120370149612427,2.1017847061157227,42.19999694824219,2.598379611968994,1.4872684478759766,0.983796238899231,42.19999694824219,33.20000457763672,30.29999542236328,25.800003051757812,24.799999237060547,116.5048599243164,734.9537353515625,0.0,1.0,-1.0,-1.0,-1.0,180.29095458984375,-1.0,83.54238891601562,2.148075819015503,1.0
60,3600.0,62.69999694824219,0.3819444477558136,0.6018518805503845,0.28356480598449707,56.29999542236328,0.2256944477558136,0.7623517513275146,0.5787037014961243,48.099998474121094,51.0,41.19999694824219,41.399993896484375,37.80000305175781,2.2337963581085205,1.4120370149612427,2.123795747756958,42.19999694824219,2.5462963581085205,1.4872684478759766,0.9606481194496155,42.19999694824219,33.20000457763672,30.29999542236328,25.800003051757812,24.799999237060547,116.5048599243164,737.8472290039062,0.0,1.0,-1.0,-1.0,-1.0,179.53619384765625,-1.0,83.51438903808594,2.151493787765503,1.0
61,3660.0,62.69999694824219,0.3819444477558136,0.5787037014961243,0.28356480598449707,56.400001525878906,0.23148147761821747,0.7610329985618591,0.5787037014961243,48.099998474121094,51.0,41.19999694824219,41.399993896484375,37.80000305175781,2.2280092239379883,1.3946759700775146,2.1098384857177734,42.19999694824219,2.5810184478759766,1.452546238899231,0.9664351344108582,42.19999694824219,33.20000457763672,30.29999542236328,25.800003051757812,24.799999237060547,117.1048583984375,735.6771240234375,0.0,1.0,-1.0,-1.0,-1.0,180.99700927734375,-1.0,83.52558898925781,2.152775764465332,1.0
62,3720.0,62.69999694824219,0.3761574327945709,0.5613425970077515,0.27199074625968933,56.400001525878906,0.23148147761821747,0.755827009677887,0.5729166865348816,48.099998474121094,51.0,41.19999694824219,41.399993896484375,37.80000305175781,2.222222328186035,1.4178240299224854,2.1006579399108887,42.19999694824219,2.5462963581085205,1.469907522201538,0.9375,42.19999694824219,33.20000457763672,30.29999542236328,25.800003051757812,24.899999618530273,117.6048583984375,733.5069580078125,0.0,1.0,-1.0,-1.0,-1.0,178.31881713867188,-1.0,83.49758911132812,2.154973030090332,1.0
63,3780.0,62.69999694824219,0.3761574327945709,0.5844907760620117,0.27199074625968933,56.400001525878906,0.21412037312984467,0.76822829246521,0.5729166865348816,48.099998474121094,51.0,41.19999694824219,41.399993896484375,37.80000305175781,2.16435170173645,1.3946759700775146,2.1081321239471436,42.19999694824219,2.5405094623565674,1.4583332538604736,0.9317129850387573,42.19999694824219,33.20000457763672,30.29999542236328,25.800003051757812,24.799999237060547,118.2048568725586,734.9537353515625,0.0,1.0,-1.0,-1.0,-1.0,179.12228393554688,-1.0,83.60958862304688,2.152287244796753,1.0
64,3840.0,62.69999694824219,0.35879629850387573,0.5844907760620117,0.27199074625968933,56.400001525878906,0.2256944477558136,0.7857675552368164,0.5787037014961243,48.0,51.0,41.19999694824219,41.399993896484375,37.80000305175781,2.1701388359069824,1.4120370149612427,2.1004700660705566,42.19999694824219,2.6157405376434326,1.5046297311782837,0.9259259104728699,42.19999694824219,33.20000457763672,30.29999542236328,25.800003051757812,24.799999237060547,118.2048568725586,735.6771240234375,0.0,1.0,-1.0,-1.0,-1.0,177.41798400878906,-1.0,83.51438903808594,2.161748170852661,1.0
65,3900.0,62.69999694824219,0.37037038803100586,0.6307870149612427,0.27199074625968933,56.400001525878906,0.23148147761821747,0.7890204787254333,0.5787037014961243,48.0,51.0,41.19999694824219,41.399993896484375,37.80000305175781,2.1759259700775146,1.423611044883728,2.121957302093506,42.19999694824219,2.627315044403076,1.5046297311782837,0.9201388955116272,42.19999694824219,33.20000457763672,30.199996948242188,25.800003051757812,24.799999237060547,118.80485534667969,738.5706176757812,0.0,1.0,-1.0,-1.0,-1.0,178.0266571044922,-1.0,83.53678894042969,2.154179573059082,1.0
66,3960.0,62.69999694824219,0.35879629850387573,0.5902777910232544,0.28356480598449707,56.400001525878906,0.2430555522441864,0.7812930941581726,0.5787037014961243,48.0,51.0,41.19999694824219,41.399993896484375,37.80000305175781,2.251157522201538,1.4120370149612427,2.1230239868164062,42.19999694824219,2.5520834922790527,1.4872684478759766,0.9317129850387573,42.19999694824219,33.099998474121094,30.199996948242188,25.70000457763672,24.799999237060547,119.30485534667969,738.5706176757812,0.0,1.0,-1.0,-1.0,-1.0,178.5623016357422,-1.0,83.52558898925781,2.160099983215332,1.0
67,4020.0,62.69999694824219,0.35879629850387573,0.6076388955116272,0.27199074625968933,56.400001525878906,0.2256944477558136,0.7806292176246643,0.5729166865348816,48.0,51.0,41.19999694824219,41.399993896484375,37.80000305175781,2.2916667461395264,1.4178240299224854,2.1355676651000977,42.19999694824219,2.569444417953491,1.5046297311782837,0.9201388955116272,42.19999694824219,33.099998474121094,30.199996948242188,25.70000457763672,24.799999237060547,119.33379364013672,741.464111328125,0.0,1.0,-1.0,-1.0,-1.0,176.10324096679688,-1.0,83.5535888671875,2.149784803390503,1.0
68,4080.0,62.69999694824219,0.37037038803100586,0.6134259104728699,0.27199074625968933,56.50000762939453,0.2256944477558136,0.7869728207588196,0.5787037014961243,48.0,51.0,41.19999694824219,41.399993896484375,37.80000305175781,2.1701388359069824,1.423611044883728,2.095125913619995,42.19999694824219,2.598379611968994,1.498842477798462,0.9490740895271301,42.099998474121094,33.099998474121094,30.199996948242188,25.70000457763672,24.799999237060547,119.90486145019531,744.3576049804688,0.0,1.0,-1.0,-1.0,-1.0,176.2249755859375,-1.0,83.49758911132812,2.159550666809082,1.0
69,4140.0,62.69999694824219,0.37037038803100586,0.6134259104728699,0.28935185074806213,56.50000762939453,0.23148147761821747,0.7827465534210205,0.5787037014961243,48.0,51.0,41.19999694824219,41.399993896484375,37.80000305175781,2.21064829826355,1.4120370149612427,2.1153512001037598,42.19999694824219,2.6041665077209473,1.5046297311782837,0.9490740895271301,42.099998474121094,33.099998474121094,30.199996948242188,25.70000457763672,24.799999237060547,119.90486145019531,745.0809936523438,0.0,1.0,-1.0,-1.0,-1.0,178.2701416015625,-1.0,83.42479705810547,2.147526502609253,1.0
70,4200.0,62.69999694824219,0.37037038803100586,0.6076388955116272,0.27199074625968933,56.50000762939453,0.23726852238178253,0.7821496725082397,0.5787037014961243,48.0,51.0,41.19999694824219,41.5,37.80000305175781,2.222222328186035,1.4178240299224854,2.117417335510254,42.19999694824219,2.557870388031006,1.4814815521240234,0.9259259104728699,42.099998474121094,33.099998474121094,30.199996948242188,25.800003051757812,24.799999237060547,119.93379974365234,747.9744873046875,0.0,1.0,-1.0,-1.0,-1.0,179.02490234375,-1.0,83.50318908691406,2.159245491027832,1.0
71,4320.0,62.69999694824219,0.37037038803100586,0.6018518805503845,0.27199074625968933,56.400001525878906,0.2256944477558136,0.7834727764129639,0.5729166865348816,48.0,51.0,41.19999694824219,41.399993896484375,37.80000305175781,2.2685184478759766,1.4178240299224854,2.1434781551361084,42.19999694824219,2.5405094623565674,1.4814815521240234,0.9027777910232544,42.099998474121094,33.099998474121094,30.199996948242188,25.70000457763672,24.799999237060547,119.93379974365234,753.7615966796875,0.0,1.0,-1.0,-1.0,-1.0,178.6353302001953,-1.0,83.50318908691406,2.144840955734253,1.0
72,4380.0,62.69999694824219,0.35879629850387573,0.6018518805503845,0.28356480598449707,56.400001525878906,0.21412037312984467,0.7915095686912537,0.5729166865348816,48.0,51.0,41.19999694824219,41.399993896484375,37.80000305175781,2.337963104248047,1.4409722089767456,2.1712310314178467,42.19999694824219,2.471064805984497,1.5104167461395264,0.9259259104728699,42.099998474121094,33.099998474121094,30.199996948242188,25.70000457763672,24.799999237060547,119.33379364013672,763.8888549804688,0.0,1.0,-1.0,-1.0,-1.0,179.1709747314453,-1.0,83.5535888671875,2.161076784133911,1.0
73,4440.0,62.69999694824219,0.35879629850387573,0.6076388955116272,0.28935185074806213,56.400001525878906,0.23148147761821747,0.7839086055755615,0.5787037014961243,48.0,51.0,41.19999694824219,41.399993896484375,37.80000305175781,2.2916667461395264,1.4004629850387573,2.1631999015808105,42.19999694824219,2.557870388031006,1.4814815521240234,0.9201388955116272,42.099998474121094,33.0,30.199996948242188,25.70000457763672,24.799999237060547,119.33379364013672,766.0590209960938,0.0,1.0,-1.0,-1.0,-1.0,179.34141540527344,-1.0,83.42479705810547,2.158574104309082,1.0
74,4500.0,62.69999694824219,0.35879629850387573,0.5844907760620117,0.27199074625968933,56.400001525878906,0.23726852238178253,0.776826798915863,0.5729166865348816,48.0,51.0,41.19999694824219,41.399993896484375,37.80000305175781,2.2974536418914795,1.4293981790542603,2.1500322818756104,42.19999694824219,2.557870388031006,1.498842477798462,0.9317129850387573,42.099998474121094,33.0,30.099998474121094,25.70000457763672,24.69999885559082,118.83379364013672,766.7824096679688,0.0,1.0,-1.0,-1.0,-1.0,181.24049377441406,-1.0,83.50318908691406,2.139286518096924,1.0
75,4560.0,62.69999694824219,0.35879629850387573,0.6018518805503845,0.27199074625968933,56.29999542236328,0.2256944477558136,0.7711812853813171,0.5729166865348816,48.099998474121094,51.0,41.19999694824219,41.399993896484375,37.80000305175781,2.309027671813965,1.423611044883728,2.1739749908447266,42.19999694824219,2.4594907760620117,1.4872684478759766,0.9375,42.19999694824219,33.0,30.099998474121094,25.70000457763672,24.69999885559082,118.23379516601562,771.8461303710938,0.0,1.0,-1.0,-1.0,-1.0,180.04747009277344,-1.0,83.50318908691406,2.163640260696411,1.0
76,4620.0,62.69999694824219,0.37037038803100586,0.5902777910232544,0.28935185074806213,56.29999542236328,0.21412037312984467,0.783083438873291,0.5787037014961243,48.099998474121094,51.0,41.19999694824219,41.399993896484375,37.80000305175781,2.2627315521240234,1.4120370149612427,2.1674320697784424,42.19999694824219,2.4826388359069824,1.516203761100769,0.9201388955116272,42.19999694824219,33.0,30.099998474121094,25.70000457763672,24.69999885559082,117.63379669189453,779.0798950195312,0.0,1.0,-1.0,-1.0,-1.0,178.53794860839844,-1.0,83.49758911132812,2.167546510696411,1.0
77,4680.0,62.69999694824219,0.37037038803100586,0.6076388955116272,0.26620370149612427,56.29999542236328,0.23148147761821747,0.7783318758010864,0.5729166865348816,48.099998474121094,51.0,41.19999694824219,41.399993896484375,37.80000305175781,2.2974536418914795,1.4120370149612427,2.187441825866699,42.19999694824219,2.442129611968994,1.498842477798462,0.9027777910232544,42.19999694824219,33.0,30.099998474121094,25.70000457763672,24.69999885559082,117.13379669189453,781.25,0.0,1.0,-1.0,-1.0,-1.0,177.32058715820312,-1.0,83.45279693603516,2.154484748840332,1.0
78,4740.0,62.69999694824219,0.35879629850387573,0.5902777910232544,0.27199074625968933,56.29999542236328,0.23148147761821747,0.7758831977844238,0.5729166865348816,48.0,51.0,41.099998474121094,41.399993896484375,37.80000305175781,2.2685184478759766,1.4178240299224854,2.1749215126037598,42.19999694824219,2.465277671813965,1.4872684478759766,0.9317129850387573,42.19999694824219,33.0,30.099998474121094,25.599998474121094,24.69999885559082,116.53379821777344,779.0798950195312,0.0,1.0,-1.0,-1.0,-1.0,178.19708251953125,-1.0,83.31839752197266,2.166630983352661,1.0
79,4800.0,62.69999694824219,0.35879629850387573,0.6018518805503845,0.28356480598449707,56.400001525878906,0.21412037312984467,0.7740877866744995,0.5787037014961243,48.0,51.0,41.19999694824219,41.399993896484375,37.80000305175781,2.193286895751953,1.4120370149612427,2.1509695053100586,42.19999694824219,2.5405094623565674,1.5104167461395264,0.9375,42.19999694824219,33.0,30.099998474121094,25.599998474121094,24.69999885559082,115.43379211425781,779.0798950195312,0.0,1.0,-1.0,-1.0,-1.0,182.40914916992188,-1.0,83.50318908691406,2.157963752746582,1.0
80,4860.0,62.69999694824219,0.37037038803100586,0.6134259104728699,0.27199074625968933,56.400001525878906,0.2256944477558136,0.7805356979370117,0.5729166865348816,48.0,51.0,41.19999694824219,41.29999542236328,37.80000305175781,2.2337963581085205,1.423611044883728,2.170342445373535,42.19999694824219,2.471064805984497,1.5046297311782837,0.9548611044883728,42.19999694824219,33.0,30.099998474121094,25.599998474121094,24.69999885559082,114.83380126953125,781.973388671875,0.0,1.0,-1.0,-1.0,-1.0,181.80047607421875,-1.0,83.41919708251953,2.152592658996582,1.0
81,4920.0,62.69999694824219,0.35879629850387573,0.5787037014961243,0.28356480598449707,56.400001525878906,0.23148147761821747,0.7645435333251953,0.5787037014961243,48.099998474121094,51.0,41.099998474121094,41.29999542236328,37.80000305175781,2.222222328186035,1.423611044883728,2.153359889984131,42.19999694824219,2.465277671813965,1.5104167461395264,0.9317129850387573,42.19999694824219,33.0,30.099998474121094,25.599998474121094,24.69999885559082,114.33380126953125,781.973388671875,0.0,1.0,-1.0,-1.0,-1.0,181.58135986328125,-1.0,83.5535888671875,2.151798963546753,1.0
82,4980.0,62.69999694824219,0.35879629850387573,0.6076388955116272,0.28356480598449707,56.400001525878906,0.2256944477558136,0.7723942399024963,0.5787037014961243,48.099998474121094,51.0,41.19999694824219,41.399993896484375,37.80000305175781,2.2627315521240234,1.423611044883728,2.172628879547119,42.19999694824219,2.442129611968994,1.5393518209457397,0.9375,42.19999694824219,33.0,30.099998474121094,25.599998474121094,24.69999885559082,113.73379516601562,784.1434936523438,0.0,1.0,-1.0,-1.0,-1.0,181.58135986328125,-1.0,83.59278869628906,2.153569221496582,1.0
83,5040.0,62.69999694824219,0.35879629850387573,0.5902777910232544,0.28356480598449707,56.29999542236328,0.2256944477558136,0.7826407551765442,0.5787037014961243,48.099998474121094,51.0,41.19999694824219,41.29999542236328,37.80000305175781,2.2337963581085205,1.423611044883728,2.159334421157837,42.099998474121094,2.465277671813965,1.5277777910232544,0.9375,42.19999694824219,33.0,30.099998474121094,25.599998474121094,24.69999885559082,113.23379516601562,786.3136596679688,0.0,1.0,-1.0,-1.0,-1.0,179.7796630859375,-1.0,83.51438903808594,2.153630256652832,1.0
84,5100.0,62.69999694824219,0.37037038803100586,0.6134259104728699,0.27199074625968933,56.29999542236328,0.23726852238178253,0.7807391881942749,0.5787037014961243,48.099998474121094,51.0,41.19999694824219,41.399993896484375,37.80000305175781,2.251157522201538,1.423611044883728,2.151252031326294,42.099998474121094,2.401620388031006,1.533564805984497,0.9375,42.29999542236328,33.0,30.099998474121094,25.599998474121094,24.69999885559082,112.63379669189453,786.3136596679688,0.0,1.0,-1.0,-1.0,-1.0,182.0439453125,-1.0,83.49758911132812,2.160222291946411,1.0
85,5160.0,62.69999694824219,0.35300925374031067,0.5902777910232544,0.27199074625968933,56.400001525878906,0.23726852238178253,0.7804581522941589,0.5729166865348816,48.099998474121094,51.0,41.19999694824219,41.29999542236328,37.80000305175781,2.256944417953491,1.423611044883728,2.164383888244629,42.099998474121094,2.413194417953491,1.5393518209457397,0.9548611044883728,42.29999542236328,33.0,30.099998474121094,25.599998474121094,24.69999885559082,112.03379821777344,787.7603759765625,0.0,1.0,-1.0,-1.0,-1.0,182.55523681640625,-1.0,83.54238891601562,2.153447151184082,1.0
86,5220.0,62.69999694824219,0.37037038803100586,0.6134259104728699,0.28935185074806213,56.29999542236328,0.23148147761821747,0.7825743556022644,0.5787037014961243,48.0,51.0,41.19999694824219,41.29999542236328,37.80000305175781,2.2337963581085205,1.4120370149612427,2.1666908264160156,42.099998474121094,2.436342477798462,1.5393518209457397,0.9490740895271301,42.29999542236328,33.0,30.099998474121094,25.599998474121094,24.69999885559082,111.5337905883789,792.1007080078125,0.0,1.0,-1.0,-1.0,-1.0,181.65438842773438,-1.0,83.42479705810547,2.161259889602661,1.0
87,5280.0,62.69999694824219,0.35879629850387573,0.5787037014961243,0.27199074625968933,56.400001525878906,0.21412037312984467,0.7806074619293213,0.5787037014961243,48.0,51.0,41.19999694824219,41.399993896484375,37.69999694824219,2.251157522201538,1.423611044883728,2.144591808319092,42.099998474121094,2.3958332538604736,1.516203761100769,0.9606481194496155,42.29999542236328,33.0,30.099998474121094,25.599998474121094,24.69999885559082,111.5337905883789,792.8240966796875,0.0,1.0,-1.0,-1.0,-1.0,181.11874389648438,-1.0,83.42479705810547,2.154118537902832,1.0
88,5340.0,62.69999694824219,0.35879629850387573,0.6134259104728699,0.27199074625968933,56.29999542236328,0.21412037312984467,0.7819306254386902,0.5787037014961243,48.0,51.0,41.099998474121094,41.399993896484375,37.80000305175781,2.251157522201538,1.4409722089767456,2.1680006980895996,42.099998474121094,2.407407522201538,1.545138955116272,0.9606481194496155,42.29999542236328,33.0,30.099998474121094,25.599998474121094,24.69999885559082,110.93379974365234,794.9942626953125,0.0,1.0,-1.0,-1.0,-1.0,183.3586883544922,-1.0,83.51998901367188,2.157536506652832,1.0
89,5400.0,62.69999694824219,0.35879629850387573,0.5902777910232544,0.27199074625968933,56.29999542236328,0.23726852238178253,0.7871012687683105,0.5729166865348816,48.099998474121094,51.0,41.19999694824219,41.29999542236328,37.69999694824219,2.1759259700775146,1.4178240299224854,2.1419734954833984,42.099998474121094,2.465277671813965,1.533564805984497,0.9780092239379883,42.29999542236328,33.0,30.0,25.599998474121094,24.600000381469727,110.33379364013672,794.9942626953125,0.0,1.0,-1.0,-1.0,-1.0,185.08734130859375,-1.0,83.4583969116211,2.155461311340332,1.0
90,5460.0,62.69999694824219,0.35879629850387573,0.6134259104728699,0.28356480598449707,56.29999542236328,0.23148147761821747,0.7786492109298706,0.5729166865348816,48.0,51.0,41.19999694824219,41.29999542236328,37.69999694824219,2.2280092239379883,1.4293981790542603,2.140960454940796,42.099998474121094,2.4247684478759766,1.5625,0.9490740895271301,42.29999542236328,33.0,30.0,25.599998474121094,24.600000381469727,110.33379364013672,792.1007080078125,0.0,1.0,-1.0,-1.0,-1.0,183.65086364746094,-1.0,83.54238891601562,2.151371717453003,1.0
91,5520.0,62.69999694824219,0.35300925374031067,0.5844907760620117,0.27199074625968933,56.29999542236328,0.21412037312984467,0.7799786329269409,0.5729166865348816,48.0,51.0,41.19999694824219,41.29999542236328,37.69999694824219,2.1990740299224854,1.4120370149612427,2.157496213912964,42.099998474121094,2.3842592239379883,1.533564805984497,0.9780092239379883,42.29999542236328,33.0,30.0,25.599998474121094,24.600000381469727,109.83379364013672,791.3773803710938,0.0,1.0,-1.0,-1.0,-1.0,182.40914916992188,-1.0,83.48079681396484,2.162541627883911,1.0
92,5580.0,62.69999694824219,0.35879629850387573,0.5902777910232544,0.28356480598449707,56.29999542236328,0.2256944477558136,0.7797625064849854,0.5844907760620117,48.0,51.0,41.19999694824219,41.29999542236328,37.69999694824219,2.1990740299224854,1.4409722089767456,2.1412765979766846,42.099998474121094,2.436342477798462,1.5393518209457397,0.9664351344108582,42.29999542236328,32.900001525878906,29.900001525878906,25.599998474121094,24.69999885559082,109.83379364013672,786.3136596679688,0.0,1.0,-1.0,-1.0,-1.0,180.7292022705078,-1.0,83.57038879394531,2.155095100402832,1.0
93,5640.0,62.69999694824219,0.37037038803100586,0.6192129254341125,0.28356480598449707,56.29999542236328,0.23726852238178253,0.780014157295227,0.5787037014961243,48.0,51.0,41.19999694824219,41.29999542236328,37.69999694824219,2.251157522201538,1.4178240299224854,2.150263786315918,42.099998474121094,2.407407522201538,1.5277777910232544,0.9490740895271301,42.29999542236328,32.900001525878906,29.900001525878906,25.599998474121094,24.69999885559082,109.83379364013672,789.9305419921875,0.0,1.0,-1.0,-1.0,-1.0,180.97267150878906,-1.0,83.40799713134766,2.158940315246582,1.0
94,5700.0,62.69999694824219,0.37037038803100586,0.5902777910232544,0.27199074625968933,56.29999542236328,0.2256944477558136,0.7859296798706055,0.5787037014961243,48.0,51.0,41.099998474121094,41.29999542236328,37.69999694824219,2.222222328186035,1.4409722089767456,2.159669876098633,42.099998474121094,2.413194417953491,1.5625,0.9490740895271301,42.29999542236328,32.900001525878906,29.900001525878906,25.599998474121094,24.69999885559082,109.83379364013672,789.9305419921875,0.0,1.0,-1.0,-1.0,-1.0,181.2161407470703,-1.0,83.37999725341797,2.153569221496582,1.0
95,5760.0,62.69999694824219,0.37037038803100586,0.6307870149612427,0.26620370149612427,56.29999542236328,0.23148147761821747,0.7813223004341125,0.5729166865348816,48.0,51.0,41.099998474121094,41.19999694824219,37.69999694824219,2.222222328186035,1.423611044883728,2.158008098602295,42.099998474121094,2.4247684478759766,1.5567129850387573,0.983796238899231,42.29999542236328,32.900001525878906,29.900001525878906,25.599998474121094,24.69999885559082,109.23379516601562,787.7603759765625,0.0,1.0,-1.0,-1.0,-1.0,181.19178771972656,-1.0,83.4583969116211,2.158452033996582,1.0
96,5820.0,62.69999694824219,0.35879629850387573,0.6018518805503845,0.27199074625968933,56.29999542236328,0.2256944477558136,0.7793139815330505,0.5787037014961243,48.0,51.0,41.099998474121094,41.29999542236328,37.69999694824219,2.2337963581085205,1.423611044883728,2.148550510406494,42.099998474121094,2.3958332538604736,1.5567129850387573,0.9606481194496155,42.29999542236328,32.900001525878906,29.900001525878906,25.599998474121094,24.600000381469727,109.23379516601562,787.7603759765625,0.0,1.0,-1.0,-1.0,-1.0,182.7743682861328,-1.0,83.37439727783203,2.167424440383911,1.0
97,5880.0,62.69999694824219,0.35879629850387573,0.6134259104728699,0.26620370149612427,56.20000457763672,0.2256944477558136,0.7794286012649536,0.5729166865348816,48.099998474121094,51.0,41.099998474121094,41.29999542236328,37.69999694824219,2.2685184478759766,1.4293981790542603,2.166137933731079,42.099998474121094,2.34375,1.5567129850387573,0.9953703880310059,42.29999542236328,32.900001525878906,29.900001525878906,25.599998474121094,24.600000381469727,109.23379516601562,788.4837646484375,0.0,1.0,-1.0,-1.0,-1.0,181.5570068359375,-1.0,83.36319732666016,2.154423713684082,1.0
98,5940.0,62.69999694824219,0.35879629850387573,0.5902777910232544,0.28935185074806213,56.29999542236328,0.23148147761821747,0.7801785469055176,0.5787037014961243,48.0,51.0,41.099998474121094,41.29999542236328,37.69999694824219,2.2280092239379883,1.4293981790542603,2.151319742202759,42.099998474121094,2.401620388031006,1.533564805984497,0.9664351344108582,42.29999542236328,32.900001525878906,29.900001525878906,25.599998474121094,24.600000381469727,109.23379516601562,789.2071533203125,0.0,1.0,-1.0,-1.0,-1.0,183.1395721435547,-1.0,83.45279693603516,2.152409553527832,1.0
99,6000.0,62.69999694824219,0.35879629850387573,0.6134259104728699,0.28356480598449707,56.29999542236328,0.23148147761821747,0.7789537310600281,0.5787037014961243,48.0,51.0,41.099998474121094,41.29999542236328,37.69999694824219,2.2395832538604736,1.4004629850387573,2.152207612991333,42.099998474121094,2.36689829826355,1.5393518209457397,0.9606481194496155,42.29999542236328,32.900001525878906,29.900001525878906,25.599998474121094,24.600000381469727,109.23379516601562,788.4837646484375,0.0,1.0,-1.0,-1.0,-1.0,183.553466796875,-1.0,83.4303970336914,2.164555788040161,1.0
